feature_group,fold_id,val_cluster_id,test_cluster_id,n_features,test_ap,sparse_f2,event_recall,false_alarms_per_day
context_only,1,2,1,4,0.6912387612387613,0.8522727272727273,1.0,22.28571428571428
time_only,1,2,1,2,0.6912387612387613,0.8522727272727273,1.0,22.28571428571428
station_only,1,2,1,1,0.3726708074534161,0.7481296758104738,1.0,43.28571428571428
physical_shape_only,1,2,1,25,0.4498385543966705,0.7047872340425532,1.0,35.57142857142857
physical_level_only,1,2,1,11,0.4458990674472398,0.5776699029126213,1.0,27.28571428571428
physical_all_no_context,1,2,1,36,0.4552897029797874,0.700354609929078,1.0,35.71428571428572
hybrid_top10,1,2,1,10,0.7964300255566351,0.8260869565217391,1.0,20.57142857142857
full,1,2,1,71,0.8250322274232182,0.8384146341463414,1.0,14.14285714285714
context_only,2,3,2,4,0.3117709235661772,0.5851063829787234,0.5,25.0
time_only,2,3,2,2,0.3117709235661772,0.5851063829787234,0.5,25.0
station_only,2,3,2,1,0.2101449275362319,0.5708661417322834,1.0,54.5
physical_shape_only,2,3,2,25,0.3590517890417693,0.6422018348623854,1.0,37.0
physical_level_only,2,3,2,11,0.3439769965246458,0.5373831775700935,1.0,37.5
physical_all_no_context,2,3,2,36,0.3622629921154266,0.6365030674846626,1.0,36.83333333333334
hybrid_top10,2,3,2,10,0.4405570644144507,0.6238185255198487,0.5,19.16666666666667
full,2,3,2,71,0.4968457551134802,0.5809128630705395,0.5,13.0
context_only,3,4,3,4,0.3436282744906323,0.647887323943662,0.6666666666666666,26.45454545454545
time_only,3,4,3,2,0.3436282744906323,0.647887323943662,0.6666666666666666,26.45454545454545
station_only,3,4,3,1,0.2103174603174603,0.5711206896551724,1.0,54.27272727272727
physical_shape_only,3,4,3,25,0.3923970573029947,0.6793478260869565,1.0,28.90909090909091
physical_level_only,3,4,3,11,0.3236431354896418,0.518918918918919,1.0,17.54545454545455
physical_all_no_context,3,4,3,36,0.3914578748621381,0.6601123595505618,1.0,26.45454545454545
hybrid_top10,3,4,3,10,0.5923420924750201,0.6681818181818182,0.8333333333333334,28.81818181818182
full,3,4,3,71,0.5708297304633628,0.655664585191793,0.8333333333333334,30.72727272727273
context_only,4,1,4,4,0.3222215321189846,0.6290849673202614,0.75,29.16666666666667
time_only,4,1,4,2,0.3236310799623493,0.625,1.0,34.5
station_only,4,1,4,1,0.2173913043478261,0.5813953488372093,1.0,54.0
physical_shape_only,4,1,4,25,0.3201523685478369,0.3488372093023256,0.25,20.0
physical_level_only,4,1,4,11,0.2850415193778694,0.5813953488372093,1.0,54.0
physical_all_no_context,4,1,4,36,0.3218700663925652,0.3505154639175257,0.25,15.16666666666667
hybrid_top10,4,1,4,10,0.4381238588535324,0.664,1.0,30.33333333333333
full,4,1,4,71,0.476724933987665,0.4554865424430642,0.5,13.16666666666667
